qseqid	sseqid	pident	align_len	mismatch	gapopen	qstart	qend	sstart	send	evalue	bitscore	qlen	slen	qcovhsp	scovhsp	stitle	score_per_aa
SRR25884626|k141_4151/Astroviridae/3654/606-759/8.980281512605043	YP_009664783.1	60.0	415	165	1	7	1251	56	469	8.1e-179	537.0	3654	470	34.1	88.1	YP_009664783.1 non-structural polyprotein 1AB, partial [Bat astrovirus Tm/Guangxi/LD77/2007]	1.2939759036144578
SRR30793086|k141_55229/Astroviridae/789/768-654/5.30534696969697	YP_009664789.1	52.2	291	96	10	770	21	337	625	1.75e-82	266.0	789	850	95.1	34.0	YP_009664789.1 capsid protein precursor [Mamastrovirus 18]	0.9140893470790378
SRR25884626|k141_970/Astroviridae/1640/410-287/2.591791657142857	YP_004782205.1	29.9	566	358	17	1630	5	12	562	3.0199999999999996e-54	199.0	1640	849	99.1	64.9	YP_004782205.1 ORF1a [Mouse astrovirus M-52/USA/2008]	0.35159010600706714
SRR25884626|k141_475/Astroviridae/933/630-546/3.1517865168539325	NP_795334.1	33.6	280	143	8	882	100	615	870	1.5200000000000002e-27	115.0	933	874	83.9	29.3	NP_795334.1 putative serine protase [Mamastrovirus 10]	0.4107142857142857
SRR33769967|k141_39665/Astroviridae/413/386-263/1.2997985714285714	YP_009154705.1	29.3	140	84	5	411	1	455	582	2.69e-08	54.3	413	941	99.5	13.6	YP_009154705.1 nonstructural protein [Astrovirus Er/SZAL6/HUN/2011]	0.38785714285714284
